OID_,Name,FolderPath,SymbolID,AltMode,Base,Clamped,Extruded,Snippet,PopupInfo,Shape_Length,Subway_Group,Subway Group
1,G,Document/Folder,0,-1,0.0,0,0,,,0.007230510809975,,G
2,G,Document/Folder,0,-1,0.0,0,0,,,0.011428230145519,,G
3,Q,Document/Folder,0,-1,0.0,0,0,,,0.006214916221717,,"N, Q, R, W"
4,M,Document/Folder,0,-1,0.0,0,0,,,0.005762538707439,,"B, D, F, M"
5,M,Document/Folder,0,-1,0.0,0,0,,,0.008097112029278,,"B, D, F, M"
6,M,Document/Folder,0,-1,0.0,0,0,,,0.008235207140235,,"B, D, F, M"
7,G,Document/Folder,0,-1,0.0,0,0,,,0.008613270200706,,G
8,G,Document/Folder,0,-1,0.0,0,0,,,0.002377503500887,,G
9,S,Document/Folder,0,-1,0.0,0,0,,,0.007335518553042,,S
10,A,Document/Folder,0,-1,0.0,0,0,,,0.016575449595434,,"A, C, E"
11,S,Document/Folder,0,-1,0.0,0,0,,,0.008361945187737,,S
12,S,Document/Folder,0,-1,0.0,0,0,,,0.007435159373976,,S
13,B-D,Document/Folder,0,-1,0.0,0,0,,,0.007684101739352,,"B, D, F, M"
14,B-D,Document/Folder,0,-1,0.0,0,0,,,0.001379534557684,,"B, D, F, M"
15,B-D-F-M,Document/Folder,0,-1,0.0,0,0,,,0.001674465870348,,"B, D, F, M"
16,R,Document/Folder,0,-1,0.0,0,0,,,0.004057384830138,,"N, Q, R, W"
17,N-Q-R,Document/Folder,0,-1,0.0,0,0,,,0.00382277589042,,"N, Q, R, W"
18,N-Q,Document/Folder,0,-1,0.0,0,0,,,0.002533036929843,,"N, Q, R, W"
19,N-R,Document/Folder,0,-1,0.0,0,0,,,0.00531975592929,,"N, Q, R, W"
20,F,Document/Folder,0,-1,0.0,0,0,,,0.011764399341125,,"B, D, F, M"
21,F,Document/Folder,0,-1,0.0,0,0,,,0.007935532970314,,"B, D, F, M"
22,N-R,Document/Folder,0,-1,0.0,0,0,,,0.007084699844519,,"N, Q, R, W"
23,F-M,Document/Folder,0,-1,0.0,0,0,,,0.009470065223266,,"B, D, F, M"
24,F-M,Document/Folder,0,-1,0.0,0,0,,,0.007731342658354,,"B, D, F, M"
25,E,Document/Folder,0,-1,0.0,0,0,,,0.010224273050338,,"A, C, E"
26,E,Document/Folder,0,-1,0.0,0,0,,,0.007445199640362,,"A, C, E"
27,7,Document/Folder,0,-1,0.0,0,0,,,0.007123487289812,,7
28,7,Document/Folder,0,-1,0.0,0,0,,,0.00686486300624,,7
29,A,Document/Folder,0,-1,0.0,0,0,,,0.008619838367832,,"A, C, E"
30,A,Document/Folder,0,-1,0.0,0,0,,,0.006619425952172,,"A, C, E"
31,J-Z,Document/Folder,0,-1,0.0,0,0,,,0.008534189116749,,"J, Z"
32,A,Document/Folder,0,-1,0.0,0,0,,,0.002205210381783,,"A, C, E"
33,J-Z,Document/Folder,0,-1,0.0,0,0,,,0.007215959180515,,"J, Z"
34,J-Z,Document/Folder,0,-1,0.0,0,0,,,0.007323993463071,,"J, Z"
35,A,Document/Folder,0,-1,0.0,0,0,,,0.007354393016714,,"A, C, E"
36,M,Document/Folder,0,-1,0.0,0,0,,,0.008784911868997,,"B, D, F, M"
37,7,Document/Folder,0,-1,0.0,0,0,,,0.005036228745978,,7
38,E,Document/Folder,0,-1,0.0,0,0,,,0.007731354991194,,"A, C, E"
39,E,Document/Folder,0,-1,0.0,0,0,,,0.008308898925259,,"A, C, E"
40,L,Document/Folder,0,-1,0.0,0,0,,,0.007923818168067,,L
41,M,Document/Folder,0,-1,0.0,0,0,,,0.007365936180544,,"B, D, F, M"
42,L,Document/Folder,0,-1,0.0,0,0,,,0.005287697554884,,L
43,M,Document/Folder,0,-1,0.0,0,0,,,0.007412702008949,,"B, D, F, M"
44,A-C,Document/Folder,0,-1,0.0,0,0,,,0.010971319445001,,"A, C, E"
45,L,Document/Folder,0,-1,0.0,0,0,,,0.003603995186494,,L
46,L,Document/Folder,0,-1,0.0,0,0,,,0.009736492209229,,L
47,L,Document/Folder,0,-1,0.0,0,0,,,0.00649513409556,,L
48,A-C,Document/Folder,0,-1,0.0,0,0,,,0.008733484127198,,"A, C, E"
49,J-Z,Document/Folder,0,-1,0.0,0,0,,,0.006503523664394,,"J, Z"
50,A-C,Document/Folder,0,-1,0.0,0,0,,,0.009712365268282,,"A, C, E"
51,J-Z,Document/Folder,0,-1,0.0,0,0,,,0.004827044926858,,"J, Z"
52,D,Document/Folder,0,-1,0.0,0,0,,,0.006333424734556,,"B, D, F, M"
53,J-Z,Document/Folder,0,-1,0.0,0,0,,,0.005600707044557,,"J, Z"
54,A,Document/Folder,0,-1,0.0,0,0,,,0.010998896348842,,"A, C, E"
55,A,Document/Folder,0,-1,0.0,0,0,,,0.00428789861683,,"A, C, E"
56,A,Document/Folder,0,-1,0.0,0,0,,,0.00611918168276,,"A, C, E"
57,J-Z,Document/Folder,0,-1,0.0,0,0,,,0.018231010603937,,"J, Z"
58,J-Z,Document/Folder,0,-1,0.0,0,0,,,0.006657314215667,,"J, Z"
59,A-C,Document/Folder,0,-1,0.0,0,0,,,0.004632935644231,,"A, C, E"
60,D,Document/Folder,0,-1,0.0,0,0,,,0.007100274245829,,"B, D, F, M"
61,1-2-3,Document/Folder,0,-1,0.0,0,0,,,0.006071634866992,,"1, 2, 3"
62,G,Document/Folder,0,-1,0.0,0,0,,,0.005929233793851,,G
63,B-D-F-M,Document/Folder,0,-1,0.0,0,0,,,0.008472265635551,,"B, D, F, M"
64,B,Document/Folder,0,-1,0.0,0,0,,,0.00954352242644,,"B, D, F, M"
65,B,Document/Folder,0,-1,0.0,0,0,,,0.0121276292653,,"B, D, F, M"
66,Q,Document/Folder,0,-1,0.0,0,0,,,0.006533147689162,,"N, Q, R, W"
67,D,Document/Folder,0,-1,0.0,0,0,,,0.005722635767715,,"B, D, F, M"
68,D,Document/Folder,0,-1,0.0,0,0,,,0.00518665169529,,"B, D, F, M"
69,1-2-3,Document/Folder,0,-1,0.0,0,0,,,0.005023261804472,,"1, 2, 3"
70,N-Q-R,Document/Folder,0,-1,0.0,0,0,,,0.001967583115902,,"N, Q, R, W"
71,1-2-3,Document/Folder,0,-1,0.0,0,0,,,0.005991562451713,,"1, 2, 3"
72,4-5-6,Document/Folder,0,-1,0.0,0,0,,,0.006781406635044,,"4, 5, 6"
73,D,Document/Folder,0,-1,0.0,0,0,,,0.012863288888246,,"B, D, F, M"
74,F,Document/Folder,0,-1,0.0,0,0,,,0.006504759226422,,"B, D, F, M"
75,F,Document/Folder,0,-1,0.0,0,0,,,0.008629223351653,,"B, D, F, M"
76,N,Document/Folder,0,-1,0.0,0,0,,,0.016083101845634,,"N, Q, R, W"
77,F,Document/Folder,0,-1,0.0,0,0,,,0.004816794489652,,"B, D, F, M"
78,F,Document/Folder,0,-1,0.0,0,0,,,0.006167654116688,,"B, D, F, M"
79,F,Document/Folder,0,-1,0.0,0,0,,,0.001001612245385,,"B, D, F, M"
80,D,Document/Folder,0,-1,0.0,0,0,,,0.009833440817841,,"B, D, F, M"
81,N,Document/Folder,0,-1,0.0,0,0,,,0.004837781741476,,"N, Q, R, W"
82,D,Document/Folder,0,-1,0.0,0,0,,,0.007974709080305,,"B, D, F, M"
83,R,Document/Folder,0,-1,0.0,0,0,,,0.007623225629663,,"N, Q, R, W"
84,R,Document/Folder,0,-1,0.0,0,0,,,0.006551695502362,,"N, Q, R, W"
85,F,Document/Folder,0,-1,0.0,0,0,,,0.005664662390638,,"B, D, F, M"
86,A-C,Document/Folder,0,-1,0.0,0,0,,,0.007153207772355,,"A, C, E"
87,A-C,Document/Folder,0,-1,0.0,0,0,,,0.005484774964925,,"A, C, E"
88,1,Document/Folder,0,-1,0.0,0,0,,,0.009730802895961,,"1, 2, 3"
89,1,Document/Folder,0,-1,0.0,0,0,,,0.004646633133159,,"1, 2, 3"
90,E,Document/Folder,0,-1,0.0,0,0,,,0.003486761254215,,"A, C, E"
91,E,Document/Folder,0,-1,0.0,0,0,,,0.00269594380506,,"A, C, E"
92,E,Document/Folder,0,-1,0.0,0,0,,,0.003830239704985,,"A, C, E"
93,N-W,Document/Folder,0,-1,0.0,0,0,,,0.006457612030325,,"N, Q, R, W"
94,A-C,Document/Folder,0,-1,0.0,0,0,,,0.004990672341192,,"A, C, E"
95,1,Document/Folder,0,-1,0.0,0,0,,,0.00927475067052,,"1, 2, 3"
96,B-D,Document/Folder,0,-1,0.0,0,0,,,0.007131974148637,,"B, D, F, M"
97,2-3,Document/Folder,0,-1,0.0,0,0,,,0.018279020832392,,"1, 2, 3"
98,1-2-3,Document/Folder,0,-1,0.0,0,0,,,0.005676002215127,,"1, 2, 3"
99,4-5-6,Document/Folder,0,-1,0.0,0,0,,,0.007269223411065,,"4, 5, 6"
100,4-5-6,Document/Folder,0,-1,0.0,0,0,,,0.00446739042599,,"4, 5, 6"
101,A-C,Document/Folder,0,-1,0.0,0,0,,,0.005588450230093,,"A, C, E"
102,2-3,Document/Folder,0,-1,0.0,0,0,,,0.008015688332905,,"1, 2, 3"
103,2-3,Document/Folder,0,-1,0.0,0,0,,,0.007003373187267,,"1, 2, 3"
104,2-3,Document/Folder,0,-1,0.0,0,0,,,0.00373702261162,,"1, 2, 3"
105,A-C,Document/Folder,0,-1,0.0,0,0,,,0.006835432020738,,"A, C, E"
106,A-C,Document/Folder,0,-1,0.0,0,0,,,0.007712361106387,,"A, C, E"
107,1,Document/Folder,0,-1,0.0,0,0,,,0.005624473535011,,"1, 2, 3"
108,A-C,Document/Folder,0,-1,0.0,0,0,,,0.001384013968287,,"A, C, E"
109,4-5-6,Document/Folder,0,-1,0.0,0,0,,,0.010398679980908,,"4, 5, 6"
110,2,Document/Folder,0,-1,0.0,0,0,,,0.001098963352478,,"1, 2, 3"
111,N-W,Document/Folder,0,-1,0.0,0,0,,,0.00638940779085,,"N, Q, R, W"
112,A,Document/Folder,0,-1,0.0,0,0,,,0.00964515251809,,"A, C, E"
113,A-C,Document/Folder,0,-1,0.0,0,0,,,0.005809322704291,,"A, C, E"
114,1,Document/Folder,0,-1,0.0,0,0,,,0.01108228040737,,"1, 2, 3"
115,A,Document/Folder,0,-1,0.0,0,0,,,0.007266477993626,,"A, C, E"
116,R,Document/Folder,0,-1,0.0,0,0,,,0.00830397604674,,"N, Q, R, W"
117,R,Document/Folder,0,-1,0.0,0,0,,,0.008209182039505,,"N, Q, R, W"
118,R,Document/Folder,0,-1,0.0,0,0,,,0.009050978043545,,"N, Q, R, W"
119,R,Document/Folder,0,-1,0.0,0,0,,,0.006068157922724,,"N, Q, R, W"
120,M,Document/Folder,0,-1,0.0,0,0,,,0.003554160304278,,"B, D, F, M"
121,M,Document/Folder,0,-1,0.0,0,0,,,0.00269593970259,,"B, D, F, M"
122,R,Document/Folder,0,-1,0.0,0,0,,,0.003419358748944,,"N, Q, R, W"
123,R,Document/Folder,0,-1,0.0,0,0,,,0.002695948245831,,"N, Q, R, W"
124,M,Document/Folder,0,-1,0.0,0,0,,,0.001894380379402,,"B, D, F, M"
125,J-Z,Document/Folder,0,-1,0.0,0,0,,,0.003299591873055,,"J, Z"
126,E,Document/Folder,0,-1,0.0,0,0,,,0.009487951428158,,"A, C, E"
127,E,Document/Folder,0,-1,0.0,0,0,,,0.008209169176459,,"A, C, E"
128,7,Document/Folder,0,-1,0.0,0,0,,,0.007124221724634,,7
129,B-D,Document/Folder,0,-1,0.0,0,0,,,0.007684101739352,,"B, D, F, M"
130,E,Document/Folder,0,-1,0.0,0,0,,,0.009191931747041,,"A, C, E"
131,7,Document/Folder,0,-1,0.0,0,0,,,0.007739608865695,,7
132,A-C,Document/Folder,0,-1,0.0,0,0,,,0.001384013968287,,"A, C, E"
133,A,Document/Folder,0,-1,0.0,0,0,,,0.007312294656766,,"A, C, E"
134,1,Document/Folder,0,-1,0.0,0,0,,,0.001117622647756,,"1, 2, 3"
135,A-C,Document/Folder,0,-1,0.0,0,0,,,0.0077070767716,,"A, C, E"
136,A-C,Document/Folder,0,-1,0.0,0,0,,,0.010971319445001,,"A, C, E"
137,E,Document/Folder,0,-1,0.0,0,0,,,0.008209169176459,,"A, C, E"
138,E,Document/Folder,0,-1,0.0,0,0,,,0.007058967151893,,"A, C, E"
139,4-5,Document/Folder,0,-1,0.0,0,0,,,0.006907353268246,,"4, 5, 6"
140,4-5,Document/Folder,0,-1,0.0,0,0,,,0.006378930438568,,"4, 5, 6"
141,B-D,Document/Folder,0,-1,0.0,0,0,,,0.00724283972945,,"B, D, F, M"
142,5,Document/Folder,0,-1,0.0,0,0,,,0.010431072682014,,"4, 5, 6"
143,4,Document/Folder,0,-1,0.0,0,0,,,0.012306167595767,,"4, 5, 6"
144,E,Document/Folder,0,-1,0.0,0,0,,,0.002244870825921,,"A, C, E"
145,M,Document/Folder,0,-1,0.0,0,0,,,0.005762538707439,,"B, D, F, M"
146,S,Document/Folder,0,-1,0.0,0,0,,,0.008361945187737,,S
147,N-R,Document/Folder,0,-1,0.0,0,0,,,0.007668929358168,,"N, Q, R, W"
148,J-Z,Document/Folder,0,-1,0.0,0,0,,,0.00752348681287,,"J, Z"
149,F,Document/Folder,0,-1,0.0,0,0,,,0.007421887366263,,"B, D, F, M"
150,F-M,Document/Folder,0,-1,0.0,0,0,,,0.005778158635769,,"B, D, F, M"
151,F-M,Document/Folder,0,-1,0.0,0,0,,,0.003887811169771,,"B, D, F, M"
152,F-M,Document/Folder,0,-1,0.0,0,0,,,0.009470065223266,,"B, D, F, M"
153,R,Document/Folder,0,-1,0.0,0,0,,,0.006068157922724,,"N, Q, R, W"
154,R,Document/Folder,0,-1,0.0,0,0,,,0.003772671889297,,"N, Q, R, W"
155,R,Document/Folder,0,-1,0.0,0,0,,,0.009505836914566,,"N, Q, R, W"
156,R,Document/Folder,0,-1,0.0,0,0,,,0.007731367853118,,"N, Q, R, W"
157,N-W,Document/Folder,0,-1,0.0,0,0,,,0.003461564221645,,"N, Q, R, W"
158,B-D-F-M,Document/Folder,0,-1,0.0,0,0,,,0.005555675026475,,"B, D, F, M"
159,2-3,Document/Folder,0,-1,0.0,0,0,,,0.006378917304388,,"1, 2, 3"
160,2,Document/Folder,0,-1,0.0,0,0,,,0.00717234424719,,"1, 2, 3"
161,3,Document/Folder,0,-1,0.0,0,0,,,0.008317074545727,,"1, 2, 3"
162,E,Document/Folder,0,-1,0.0,0,0,,,0.006700356233991,,"A, C, E"
163,4-5-6,Document/Folder,0,-1,0.0,0,0,,,0.006268907705552,,"4, 5, 6"
164,7,Document/Folder,0,-1,0.0,0,0,,,0.02417385157755,,7
165,A-C-E,Document/Folder,0,-1,0.0,0,0,,,0.001124510196497,,"A, C, E"
166,B-D,Document/Folder,0,-1,0.0,0,0,,,0.001547332171869,,"B, D, F, M"
167,G,Document/Folder,0,-1,0.0,0,0,,,0.013104612969208,,G
168,4-5,Document/Folder,0,-1,0.0,0,0,,,0.001565210157131,,"4, 5, 6"
169,L,Document/Folder,0,-1,0.0,0,0,,,0.008603542376246,,L
170,J-Z,Document/Folder,0,-1,0.0,0,0,,,0.00704202953698,,"J, Z"
171,1,Document/Folder,0,-1,0.0,0,0,,,0.007959820073812,,"1, 2, 3"
172,A-C,Document/Folder,0,-1,0.0,0,0,,,0.007231957332288,,"A, C, E"
173,A-C,Document/Folder,0,-1,0.0,0,0,,,0.009034770240158,,"A, C, E"
174,7,Document/Folder,0,-1,0.0,0,0,,,0.007027375823351,,7
175,1,Document/Folder,0,-1,0.0,0,0,,,0.008081754494544,,"1, 2, 3"
176,F,Document/Folder,0,-1,0.0,0,0,,,0.003814083879755,,"B, D, F, M"
177,N-Q,Document/Folder,0,-1,0.0,0,0,,,0.030714692998944,,"N, Q, R, W"
178,N,Document/Folder,0,-1,0.0,0,0,,,0.006297988964779,,"N, Q, R, W"
179,D,Document/Folder,0,-1,0.0,0,0,,,0.005248200058332,,"B, D, F, M"
180,A-C,Document/Folder,0,-1,0.0,0,0,,,0.005504266517132,,"A, C, E"
181,7,Document/Folder,0,-1,0.0,0,0,,,0.001121378123525,,7
182,B-D,Document/Folder,0,-1,0.0,0,0,,,0.01300689778626,,"B, D, F, M"
183,1,Document/Folder,0,-1,0.0,0,0,,,0.00806686410843,,"1, 2, 3"
184,1,Document/Folder,0,-1,0.0,0,0,,,0.007086908172156,,"1, 2, 3"
185,A,Document/Folder,0,-1,0.0,0,0,,,0.008552700085962,,"A, C, E"
186,A,Document/Folder,0,-1,0.0,0,0,,,0.007435147476667,,"A, C, E"
187,E,Document/Folder,0,-1,0.0,0,0,,,0.004508536749759,,"A, C, E"
188,7,Document/Folder,0,-1,0.0,0,0,,,0.006441285023629,,7
189,E,Document/Folder,0,-1,0.0,0,0,,,0.005923158596626,,"A, C, E"
190,N-W,Document/Folder,0,-1,0.0,0,0,,,0.005049205497492,,"N, Q, R, W"
191,L,Document/Folder,0,-1,0.0,0,0,,,0.006245262420531,,L
192,G,Document/Folder,0,-1,0.0,0,0,,,0.005726943017217,,G
193,J-Z,Document/Folder,0,-1,0.0,0,0,,,0.006747673198599,,"J, Z"
194,G,Document/Folder,0,-1,0.0,0,0,,,0.006791324362719,,G
195,J-Z,Document/Folder,0,-1,0.0,0,0,,,0.007246383083343,,"J, Z"
196,L,Document/Folder,0,-1,0.0,0,0,,,0.008354523337818,,L
197,L,Document/Folder,0,-1,0.0,0,0,,,0.004276705524564,,L
198,E,Document/Folder,0,-1,0.0,0,0,,,0.001894384482085,,"A, C, E"
199,7,Document/Folder,0,-1,0.0,0,0,,,0.006777715927829,,7
200,7,Document/Folder,0,-1,0.0,0,0,,,0.006390528826545,,7
201,B-D-F-M,Document/Folder,0,-1,0.0,0,0,,,0.005497279418077,,"B, D, F, M"
202,N-Q-R-W,Document/Folder,0,-1,0.0,0,0,,,0.005901806165623,,"N, Q, R, W"
203,N-Q-R-W,Document/Folder,0,-1,0.0,0,0,,,0.005253394419482,,"N, Q, R, W"
204,G,Document/Folder,0,-1,0.0,0,0,,,0.001481361178305,,G
205,2-3,Document/Folder,0,-1,0.0,0,0,,,0.00775850311179,,"1, 2, 3"
206,S,Document/Folder,0,-1,0.0,0,0,,,0.004716320124442,,S
207,G,Document/Folder,0,-1,0.0,0,0,,,0.006814251022637,,G
208,2,Document/Folder,0,-1,0.0,0,0,,,0.005777930511864,,"1, 2, 3"
209,2,Document/Folder,0,-1,0.0,0,0,,,0.005160180713893,,"1, 2, 3"
210,2,Document/Folder,0,-1,0.0,0,0,,,0.006124922108166,,"1, 2, 3"
211,2,Document/Folder,0,-1,0.0,0,0,,,0.005842525545511,,"1, 2, 3"
212,3,Document/Folder,0,-1,0.0,0,0,,,0.009232658524951,,"1, 2, 3"
213,A-C,Document/Folder,0,-1,0.0,0,0,,,0.009581068266841,,"A, C, E"
214,2,Document/Folder,0,-1,0.0,0,0,,,0.002843891408082,,"1, 2, 3"
215,E,Document/Folder,0,-1,0.0,0,0,,,0.025312865414607,,"A, C, E"
216,M,Document/Folder,0,-1,0.0,0,0,,,0.007728251790944,,"B, D, F, M"
217,J-Z,Document/Folder,0,-1,0.0,0,0,,,0.031431709964268,,"J, Z"
218,F,Document/Folder,0,-1,0.0,0,0,,,0.007250524921964,,"B, D, F, M"
219,N-Q-R-W,Document/Folder,0,-1,0.0,0,0,,,0.004139857082555,,"N, Q, R, W"
220,4-5-6,Document/Folder,0,-1,0.0,0,0,,,0.007492271899681,,"4, 5, 6"
221,4-5-6,Document/Folder,0,-1,0.0,0,0,,,0.007978478711492,,"4, 5, 6"
222,L,Document/Folder,0,-1,0.0,0,0,,,0.004877584855679,,L
223,4-5-6,Document/Folder,0,-1,0.0,0,0,,,0.003966191130268,,"4, 5, 6"
224,N-Q-R-W,Document/Folder,0,-1,0.0,0,0,,,0.004244079685069,,"N, Q, R, W"
225,4-5-6,Document/Folder,0,-1,0.0,0,0,,,0.003722025123771,,"4, 5, 6"
226,S,Document/Folder,0,-1,0.0,0,0,,,0.007791024575601,,S
227,2,Document/Folder,0,-1,0.0,0,0,,,0.002843891408082,,"1, 2, 3"
228,3,Document/Folder,0,-1,0.0,0,0,,,0.001242265076388,,"1, 2, 3"
229,A-C,Document/Folder,0,-1,0.0,0,0,,,0.006506364075065,,"A, C, E"
230,G,Document/Folder,0,-1,0.0,0,0,,,0.009110011942042,,G
231,A-C,Document/Folder,0,-1,0.0,0,0,,,0.010145191212602,,"A, C, E"
232,J-Z,Document/Folder,0,-1,0.0,0,0,,,0.006828779457689,,"J, Z"
233,J-Z,Document/Folder,0,-1,0.0,0,0,,,0.001123519876127,,"J, Z"
234,N-R-W,Document/Folder,0,-1,0.0,0,0,,,0.025221099797669,,"N, Q, R, W"
235,G,Document/Folder,0,-1,0.0,0,0,,,0.00748517075509,,G
236,J-Z,Document/Folder,0,-1,0.0,0,0,,,0.004575081797959,,"J, Z"
237,L,Document/Folder,0,-1,0.0,0,0,,,0.02834522917184,,L
238,E,Document/Folder,0,-1,0.0,0,0,,,0.001587230056507,,"A, C, E"
239,E,Document/Folder,0,-1,0.0,0,0,,,0.025312865414607,,"A, C, E"
240,F,Document/Folder,0,-1,0.0,0,0,,,0.00171955949912,,"B, D, F, M"
241,B,Document/Folder,0,-1,0.0,0,0,,,0.004464869525291,,"B, D, F, M"
242,D,Document/Folder,0,-1,0.0,0,0,,,0.004883779151273,,"B, D, F, M"
243,2-3,Document/Folder,0,-1,0.0,0,0,,,0.004805748510353,,"1, 2, 3"
244,1-2-3,Document/Folder,0,-1,0.0,0,0,,,0.00745287458794,,"1, 2, 3"
245,B-D-F-M,Document/Folder,0,-1,0.0,0,0,,,0.00276102951812,,"B, D, F, M"
246,M,Document/Folder,0,-1,0.0,0,0,,,0.003201109135758,,"B, D, F, M"
247,E,Document/Folder,0,-1,0.0,0,0,,,0.003729899388028,,"A, C, E"
248,B-D,Document/Folder,0,-1,0.0,0,0,,,0.001742240622292,,"B, D, F, M"
249,E,Document/Folder,0,-1,0.0,0,0,,,0.001598940290917,,"A, C, E"
250,4-5-6,Document/Folder,0,-1,0.0,0,0,,,0.006707591655103,,"4, 5, 6"
251,L,Document/Folder,0,-1,0.0,0,0,,,0.007493213733549,,L
252,L,Document/Folder,0,-1,0.0,0,0,,,0.005032163168699,,L
253,7,Document/Folder,0,-1,0.0,0,0,,,0.008091698390256,,7
254,7,Document/Folder,0,-1,0.0,0,0,,,0.010173269646101,,7
255,A,Document/Folder,0,-1,0.0,0,0,,,0.008360355187131,,"A, C, E"
256,4-5-6,Document/Folder,0,-1,0.0,0,0,,,0.010398679980908,,"4, 5, 6"
257,6,Document/Folder,0,-1,0.0,0,0,,,0.005459977901231,,"4, 5, 6"
258,2,Document/Folder,0,-1,0.0,0,0,,,0.010278388557007,,"1, 2, 3"
259,3,Document/Folder,0,-1,0.0,0,0,,,0.005049031669768,,"1, 2, 3"
260,4,Document/Folder,0,-1,0.0,0,0,,,0.010376806379881,,"4, 5, 6"
261,2-3,Document/Folder,0,-1,0.0,0,0,,,0.005123710956694,,"1, 2, 3"
262,3,Document/Folder,0,-1,0.0,0,0,,,0.002545502704403,,"1, 2, 3"
263,4-5,Document/Folder,0,-1,0.0,0,0,,,0.00362653510808,,"4, 5, 6"
264,1,Document/Folder,0,-1,0.0,0,0,,,0.004879036107052,,"1, 2, 3"
265,4-5-6,Document/Folder,0,-1,0.0,0,0,,,0.007655962230696,,"4, 5, 6"
266,4-5-6,Document/Folder,0,-1,0.0,0,0,,,0.006098167223674,,"4, 5, 6"
267,4-5-6,Document/Folder,0,-1,0.0,0,0,,,0.005473241741433,,"4, 5, 6"
268,A-C,Document/Folder,0,-1,0.0,0,0,,,0.008339289414217,,"A, C, E"
269,4-5-6,Document/Folder,0,-1,0.0,0,0,,,0.006821554808098,,"4, 5, 6"
270,E,Document/Folder,0,-1,0.0,0,0,,,0.009487951428158,,"A, C, E"
271,J-Z,Document/Folder,0,-1,0.0,0,0,,,0.008628215479134,,"J, Z"
272,L,Document/Folder,0,-1,0.0,0,0,,,0.010549837371413,,L
273,1,Document/Folder,0,-1,0.0,0,0,,,0.007037599184792,,"1, 2, 3"
274,J-Z,Document/Folder,0,-1,0.0,0,0,,,0.008708904315869,,"J, Z"
275,3,Document/Folder,0,-1,0.0,0,0,,,0.00555990971148,,"1, 2, 3"
276,L,Document/Folder,0,-1,0.0,0,0,,,0.005510848772391,,L
277,A-C,Document/Folder,0,-1,0.0,0,0,,,0.0077070767716,,"A, C, E"
278,L,Document/Folder,0,-1,0.0,0,0,,,0.006190784971006,,L
279,A-C-E,Document/Folder,0,-1,0.0,0,0,,,0.006369608504587,,"A, C, E"
280,A-C,Document/Folder,0,-1,0.0,0,0,,,0.00555000684686,,"A, C, E"
281,1-2-3,Document/Folder,0,-1,0.0,0,0,,,0.005906900645391,,"1, 2, 3"
282,1-2-3,Document/Folder,0,-1,0.0,0,0,,,0.006558854874273,,"1, 2, 3"
283,F,Document/Folder,0,-1,0.0,0,0,,,0.007713304016053,,"B, D, F, M"
284,N-R-W,Document/Folder,0,-1,0.0,0,0,,,0.006654685851459,,"N, Q, R, W"
285,A-C,Document/Folder,0,-1,0.0,0,0,,,0.004089707079985,,"A, C, E"
286,1-2-3,Document/Folder,0,-1,0.0,0,0,,,0.005220239730401,,"1, 2, 3"
287,B-D,Document/Folder,0,-1,0.0,0,0,,,0.001571263352425,,"B, D, F, M"
288,D,Document/Folder,0,-1,0.0,0,0,,,0.004876289204882,,"B, D, F, M"
289,B,Document/Folder,0,-1,0.0,0,0,,,0.005926884780322,,"B, D, F, M"
290,2,Document/Folder,0,-1,0.0,0,0,,,0.006056015455196,,"1, 2, 3"
291,2,Document/Folder,0,-1,0.0,0,0,,,0.009251710107961,,"1, 2, 3"
292,4,Document/Folder,0,-1,0.0,0,0,,,0.008748176511466,,"4, 5, 6"
293,6,Document/Folder,0,-1,0.0,0,0,,,0.007486688064856,,"4, 5, 6"
294,B-D,Document/Folder,0,-1,0.0,0,0,,,0.010804033092021,,"B, D, F, M"
295,A-C,Document/Folder,0,-1,0.0,0,0,,,0.009957762389323,,"A, C, E"
296,A,Document/Folder,0,-1,0.0,0,0,,,0.007814505078957,,"A, C, E"
297,3,Document/Folder,0,-1,0.0,0,0,,,0.012142586593299,,"1, 2, 3"
298,E,Document/Folder,0,-1,0.0,0,0,,,0.0192432409571,,"A, C, E"
299,F,Document/Folder,0,-1,0.0,0,0,,,0.006476334590507,,"B, D, F, M"
300,R,Document/Folder,0,-1,0.0,0,0,,,0.00564360824294,,"N, Q, R, W"
301,N,Document/Folder,0,-1,0.0,0,0,,,0.007357037060368,,"N, Q, R, W"
302,1-2-3,Document/Folder,0,-1,0.0,0,0,,,0.007051906799583,,"1, 2, 3"
303,4-5-6,Document/Folder,0,-1,0.0,0,0,,,0.006950798974379,,"4, 5, 6"
304,N-R-W,Document/Folder,0,-1,0.0,0,0,,,0.006533343271272,,"N, Q, R, W"
305,F,Document/Folder,0,-1,0.0,0,0,,,0.013970827804414,,"B, D, F, M"
306,B-D,Document/Folder,0,-1,0.0,0,0,,,0.002236729763147,,"B, D, F, M"
307,N-Q-R,Document/Folder,0,-1,0.0,0,0,,,0.005899451079374,,"N, Q, R, W"
308,A-C,Document/Folder,0,-1,0.0,0,0,,,0.002007361294809,,"A, C, E"
309,E,Document/Folder,0,-1,0.0,0,0,,,0.00189370418402,,"A, C, E"
310,1-2-3,Document/Folder,0,-1,0.0,0,0,,,0.006071634866992,,"1, 2, 3"
311,M,Document/Folder,0,-1,0.0,0,0,,,0.007451660121206,,"B, D, F, M"
312,F,Document/Folder,0,-1,0.0,0,0,,,0.002726835999102,,"B, D, F, M"
313,A-C-E,Document/Folder,0,-1,0.0,0,0,,,0.006211020019925,,"A, C, E"
314,4-5-6,Document/Folder,0,-1,0.0,0,0,,,0.00491885749448,,"4, 5, 6"
315,2-3,Document/Folder,0,-1,0.0,0,0,,,0.005723968395777,,"1, 2, 3"
316,B-D,Document/Folder,0,-1,0.0,0,0,,,0.02759335593923,,"B, D, F, M"
317,B-D,Document/Folder,0,-1,0.0,0,0,,,0.007107270389826,,"B, D, F, M"
318,7,Document/Folder,0,-1,0.0,0,0,,,0.016407991925298,,7
319,7,Document/Folder,0,-1,0.0,0,0,,,0.010130562973695,,7
320,F,Document/Folder,0,-1,0.0,0,0,,,0.007675984353296,,"B, D, F, M"
321,E,Document/Folder,0,-1,0.0,0,0,,,0.003304556377638,,"A, C, E"
322,F,Document/Folder,0,-1,0.0,0,0,,,0.008488323321097,,"B, D, F, M"
323,E,Document/Folder,0,-1,0.0,0,0,,,0.004232717001637,,"A, C, E"
324,E,Document/Folder,0,-1,0.0,0,0,,,0.003364308855565,,"A, C, E"
325,E,Document/Folder,0,-1,0.0,0,0,,,0.007156539843138,,"A, C, E"
326,F,Document/Folder,0,-1,0.0,0,0,,,0.010151678015331,,"B, D, F, M"
327,E,Document/Folder,0,-1,0.0,0,0,,,0.007058967151893,,"A, C, E"
328,A,Document/Folder,0,-1,0.0,0,0,,,0.004100332920817,,"A, C, E"
329,A,Document/Folder,0,-1,0.0,0,0,,,0.007644390104184,,"A, C, E"
330,G,Document/Folder,0,-1,0.0,0,0,,,0.008613270200706,,G
331,E,Document/Folder,0,-1,0.0,0,0,,,0.002244870825921,,"A, C, E"
332,M,Document/Folder,0,-1,0.0,0,0,,,0.025366902676463,,"B, D, F, M"
333,M,Document/Folder,0,-1,0.0,0,0,,,0.006700346526701,,"B, D, F, M"
334,M,Document/Folder,0,-1,0.0,0,0,,,0.001598938059486,,"B, D, F, M"
335,M,Document/Folder,0,-1,0.0,0,0,,,0.004646058390088,,"B, D, F, M"
336,R,Document/Folder,0,-1,0.0,0,0,,,0.009050978043545,,"N, Q, R, W"
337,R,Document/Folder,0,-1,0.0,0,0,,,0.010255306446213,,"N, Q, R, W"
338,R,Document/Folder,0,-1,0.0,0,0,,,0.007552088666662,,"N, Q, R, W"
339,R,Document/Folder,0,-1,0.0,0,0,,,0.00957901008027,,"N, Q, R, W"
340,M,Document/Folder,0,-1,0.0,0,0,,,0.003554160304278,,"B, D, F, M"
341,F-M,Document/Folder,0,-1,0.0,0,0,,,0.007338311119296,,"B, D, F, M"
342,R,Document/Folder,0,-1,0.0,0,0,,,0.003419358748944,,"N, Q, R, W"
343,D,Document/Folder,0,-1,0.0,0,0,,,0.004876289204882,,"B, D, F, M"
344,N-Q-R-W,Document/Folder,0,-1,0.0,0,0,,,0.005899451079374,,"N, Q, R, W"
345,N,Document/Folder,0,-1,0.0,0,0,,,0.007330913017694,,"N, Q, R, W"
346,4-5,Document/Folder,0,-1,0.0,0,0,,,0.003665832142087,,"4, 5, 6"
347,1-2-3,Document/Folder,0,-1,0.0,0,0,,,0.004602715007266,,"1, 2, 3"
348,1-2-3,Document/Folder,0,-1,0.0,0,0,,,0.003588059184303,,"1, 2, 3"
349,L,Document/Folder,0,-1,0.0,0,0,,,0.004999727702185,,L
350,2,Document/Folder,0,-1,0.0,0,0,,,0.007049561697211,,"1, 2, 3"
351,N,Document/Folder,0,-1,0.0,0,0,,,0.006713149600278,,"N, Q, R, W"
352,4-5-6,Document/Folder,0,-1,0.0,0,0,,,0.007149264185485,,"4, 5, 6"
353,D,Document/Folder,0,-1,0.0,0,0,,,0.007239350759992,,"B, D, F, M"
354,N,Document/Folder,0,-1,0.0,0,0,,,0.010396171963016,,"N, Q, R, W"
355,A-C,Document/Folder,0,-1,0.0,0,0,,,0.001569826761613,,"A, C, E"
356,B,Document/Folder,0,-1,0.0,0,0,,,0.003161649001706,,"B, D, F, M"
357,G,Document/Folder,0,-1,0.0,0,0,,,0.00859093795884,,G
358,F,Document/Folder,0,-1,0.0,0,0,,,0.008881852322584,,"B, D, F, M"
359,N-Q-R-W,Document/Folder,0,-1,0.0,0,0,,,0.00785641978585,,"N, Q, R, W"
360,B,Document/Folder,0,-1,0.0,0,0,,,0.006411692728594,,"B, D, F, M"
361,A-C,Document/Folder,0,-1,0.0,0,0,,,0.004089707079985,,"A, C, E"
362,N-Q-R-W,Document/Folder,0,-1,0.0,0,0,,,0.001967583115902,,"N, Q, R, W"
363,Q,Document/Folder,0,-1,0.0,0,0,,,0.00591953425298,,"N, Q, R, W"
364,4,Document/Folder,0,-1,0.0,0,0,,,0.008491362743024,,"4, 5, 6"
365,4,Document/Folder,0,-1,0.0,0,0,,,0.008670828133291,,"4, 5, 6"
366,2,Document/Folder,0,-1,0.0,0,0,,,0.005896997541135,,"1, 2, 3"
367,2,Document/Folder,0,-1,0.0,0,0,,,0.007913330048773,,"1, 2, 3"
368,2,Document/Folder,0,-1,0.0,0,0,,,0.004720739851548,,"1, 2, 3"
369,7,Document/Folder,0,-1,0.0,0,0,,,0.005618608546558,,7
370,6,Document/Folder,0,-1,0.0,0,0,,,0.007757743975125,,"4, 5, 6"
371,6,Document/Folder,0,-1,0.0,0,0,,,0.004771773045752,,"4, 5, 6"
372,6,Document/Folder,0,-1,0.0,0,0,,,0.004903776321786,,"4, 5, 6"
373,6,Document/Folder,0,-1,0.0,0,0,,,0.005316603427013,,"4, 5, 6"
374,5,Document/Folder,0,-1,0.0,0,0,,,0.012008980722735,,"4, 5, 6"
375,B-D,Document/Folder,0,-1,0.0,0,0,,,0.009086609634661,,"B, D, F, M"
376,4,Document/Folder,0,-1,0.0,0,0,,,0.006462004490913,,"4, 5, 6"
377,B-D,Document/Folder,0,-1,0.0,0,0,,,0.00748387340453,,"B, D, F, M"
378,4,Document/Folder,0,-1,0.0,0,0,,,0.004972725890489,,"4, 5, 6"
379,B-D,Document/Folder,0,-1,0.0,0,0,,,0.006710857368289,,"B, D, F, M"
380,4,Document/Folder,0,-1,0.0,0,0,,,0.005868552494382,,"4, 5, 6"
381,4,Document/Folder,0,-1,0.0,0,0,,,0.005352393576683,,"4, 5, 6"
382,B-D,Document/Folder,0,-1,0.0,0,0,,,0.007499369894478,,"B, D, F, M"
383,B-D,Document/Folder,0,-1,0.0,0,0,,,0.00724283972945,,"B, D, F, M"
384,B-D,Document/Folder,0,-1,0.0,0,0,,,0.006003221644739,,"B, D, F, M"
385,N-W,Document/Folder,0,-1,0.0,0,0,,,0.000963528288098,,"N, Q, R, W"
386,B-D,Document/Folder,0,-1,0.0,0,0,,,0.005588452090227,,"B, D, F, M"
387,B-D,Document/Folder,0,-1,0.0,0,0,,,0.005550008340216,,"B, D, F, M"
388,B-D,Document/Folder,0,-1,0.0,0,0,,,0.007231957798164,,"B, D, F, M"
389,B-D,Document/Folder,0,-1,0.0,0,0,,,0.004077868907792,,"B, D, F, M"
390,B-D,Document/Folder,0,-1,0.0,0,0,,,0.009034773799503,,"B, D, F, M"
391,B-D,Document/Folder,0,-1,0.0,0,0,,,0.007153208602884,,"B, D, F, M"
392,B-D,Document/Folder,0,-1,0.0,0,0,,,0.00548477540854,,"B, D, F, M"
393,B-D,Document/Folder,0,-1,0.0,0,0,,,0.005504267194822,,"B, D, F, M"
394,1,Document/Folder,0,-1,0.0,0,0,,,0.006683061590177,,"1, 2, 3"
395,B-D,Document/Folder,0,-1,0.0,0,0,,,0.008369592416701,,"B, D, F, M"
396,B-D,Document/Folder,0,-1,0.0,0,0,,,0.006835876954321,,"B, D, F, M"
397,5,Document/Folder,0,-1,0.0,0,0,,,0.010431072682014,,"4, 5, 6"
398,5,Document/Folder,0,-1,0.0,0,0,,,0.005663947437617,,"4, 5, 6"
399,5,Document/Folder,0,-1,0.0,0,0,,,0.004130763063703,,"4, 5, 6"
400,5,Document/Folder,0,-1,0.0,0,0,,,0.008331231795986,,"4, 5, 6"
401,5,Document/Folder,0,-1,0.0,0,0,,,0.008274181755885,,"4, 5, 6"
402,5,Document/Folder,0,-1,0.0,0,0,,,0.00559879924959,,"4, 5, 6"
403,5,Document/Folder,0,-1,0.0,0,0,,,0.007284217162963,,"4, 5, 6"
404,A-C,Document/Folder,0,-1,0.0,0,0,,,0.021178973047677,,"A, C, E"
405,B,Document/Folder,0,-1,0.0,0,0,,,0.018185478498133,,"B, D, F, M"
406,2,Document/Folder,0,-1,0.0,0,0,,,0.005161953451054,,"1, 2, 3"
407,2-3,Document/Folder,0,-1,0.0,0,0,,,0.006485923991102,,"1, 2, 3"
408,B,Document/Folder,0,-1,0.0,0,0,,,0.006730156627271,,"B, D, F, M"
409,F,Document/Folder,0,-1,0.0,0,0,,,0.007999604136927,,"B, D, F, M"
410,Q,Document/Folder,0,-1,0.0,0,0,,,0.006979433528567,,"N, Q, R, W"
411,A-C-E,Document/Folder,0,-1,0.0,0,0,,,0.003335617163776,,"A, C, E"
412,1-2-3,Document/Folder,0,-1,0.0,0,0,,,0.005473182690896,,"1, 2, 3"
413,N-Q-R-W,Document/Folder,0,-1,0.0,0,0,,,0.00785641978585,,"N, Q, R, W"
414,4-5-6,Document/Folder,0,-1,0.0,0,0,,,0.005501673239839,,"4, 5, 6"
415,B-D-F-M,Document/Folder,0,-1,0.0,0,0,,,0.003819457785654,,"B, D, F, M"
416,1-2-3,Document/Folder,0,-1,0.0,0,0,,,0.003882681255497,,"1, 2, 3"
417,A-C-E,Document/Folder,0,-1,0.0,0,0,,,0.008665812453079,,"A, C, E"
418,1-2-3,Document/Folder,0,-1,0.0,0,0,,,0.0039697235823,,"1, 2, 3"
419,4-5-6,Document/Folder,0,-1,0.0,0,0,,,0.004643882692408,,"4, 5, 6"
420,B-D,Document/Folder,0,-1,0.0,0,0,,,0.006790015505501,,"B, D, F, M"
421,N-Q-R-W,Document/Folder,0,-1,0.0,0,0,,,0.005765564036286,,"N, Q, R, W"
422,B-D-F-M,Document/Folder,0,-1,0.0,0,0,,,0.007943510565542,,"B, D, F, M"
423,A-C-E,Document/Folder,0,-1,0.0,0,0,,,0.005702243556467,,"A, C, E"
424,A-C,Document/Folder,0,-1,0.0,0,0,,,0.008479321137479,,"A, C, E"
425,B-D,Document/Folder,0,-1,0.0,0,0,,,0.00393340027579,,"B, D, F, M"
426,F,Document/Folder,0,-1,0.0,0,0,,,0.002139528593417,,"B, D, F, M"
427,2-3,Document/Folder,0,-1,0.0,0,0,,,0.005204012534861,,"1, 2, 3"
428,A-C,Document/Folder,0,-1,0.0,0,0,,,0.002337711493876,,"A, C, E"
429,G,Document/Folder,0,-1,0.0,0,0,,,0.001764908238204,,G
430,F,Document/Folder,0,-1,0.0,0,0,,,0.01154081531562,,"B, D, F, M"
431,F,Document/Folder,0,-1,0.0,0,0,,,0.005067868597842,,"B, D, F, M"
432,B-D,Document/Folder,0,-1,0.0,0,0,,,0.002533035572589,,"B, D, F, M"
433,F,Document/Folder,0,-1,0.0,0,0,,,0.00171955949912,,"B, D, F, M"
434,F,Document/Folder,0,-1,0.0,0,0,,,0.007431101328103,,"B, D, F, M"
435,F,Document/Folder,0,-1,0.0,0,0,,,0.004169897782393,,"B, D, F, M"
436,B,Document/Folder,0,-1,0.0,0,0,,,0.005947237274187,,"B, D, F, M"
437,B,Document/Folder,0,-1,0.0,0,0,,,0.006411692728594,,"B, D, F, M"
438,B,Document/Folder,0,-1,0.0,0,0,,,0.00499176233051,,"B, D, F, M"
439,2-3,Document/Folder,0,-1,0.0,0,0,,,0.006907352655535,,"1, 2, 3"
440,2-3,Document/Folder,0,-1,0.0,0,0,,,0.004365264145501,,"1, 2, 3"
441,D,Document/Folder,0,-1,0.0,0,0,,,0.007668931679175,,"B, D, F, M"
442,B,Document/Folder,0,-1,0.0,0,0,,,0.009420445036808,,"B, D, F, M"
443,A-C,Document/Folder,0,-1,0.0,0,0,,,0.008616513838571,,"A, C, E"
444,D,Document/Folder,0,-1,0.0,0,0,,,0.008300840121495,,"B, D, F, M"
445,F,Document/Folder,0,-1,0.0,0,0,,,0.002624950090916,,"B, D, F, M"
446,2-3,Document/Folder,0,-1,0.0,0,0,,,0.004805748510353,,"1, 2, 3"
447,A-C,Document/Folder,0,-1,0.0,0,0,,,0.003032656495957,,"A, C, E"
448,4-5,Document/Folder,0,-1,0.0,0,0,,,0.006230430121426,,"4, 5, 6"
449,A-C-E,Document/Folder,0,-1,0.0,0,0,,,0.005702243556467,,"A, C, E"
450,J-Z,Document/Folder,0,-1,0.0,0,0,,,0.007567305394676,,"J, Z"
451,4-5-6,Document/Folder,0,-1,0.0,0,0,,,0.004422137595985,,"4, 5, 6"
452,N-Q,Document/Folder,0,-1,0.0,0,0,,,0.002149583408729,,"N, Q, R, W"
453,A-C-E,Document/Folder,0,-1,0.0,0,0,,,0.003335617163776,,"A, C, E"
454,1-2-3,Document/Folder,0,-1,0.0,0,0,,,0.0039697235823,,"1, 2, 3"
455,B-D-F-M,Document/Folder,0,-1,0.0,0,0,,,0.005753350675949,,"B, D, F, M"
456,L,Document/Folder,0,-1,0.0,0,0,,,0.006285747617908,,L
457,B-D-F-M,Document/Folder,0,-1,0.0,0,0,,,0.005601224963169,,"B, D, F, M"
458,1-2-3,Document/Folder,0,-1,0.0,0,0,,,0.005174080017018,,"1, 2, 3"
459,A-C-E,Document/Folder,0,-1,0.0,0,0,,,0.001219725137796,,"A, C, E"
460,L,Document/Folder,0,-1,0.0,0,0,,,0.006569418856479,,L
461,1-2-3,Document/Folder,0,-1,0.0,0,0,,,0.003911498276637,,"1, 2, 3"
462,S,Document/Folder,0,-1,0.0,0,0,,,0.006127685645719,,S
463,S,Document/Folder,0,-1,0.0,0,0,,,0.009183305832236,,S
464,G,Document/Folder,0,-1,0.0,0,0,,,0.006591267473272,,G
465,F,Document/Folder,0,-1,0.0,0,0,,,0.003751777387939,,"B, D, F, M"
466,R,Document/Folder,0,-1,0.0,0,0,,,0.007140720304452,,"N, Q, R, W"
467,F,Document/Folder,0,-1,0.0,0,0,,,0.009478309843421,,"B, D, F, M"
468,7,Document/Folder,0,-1,0.0,0,0,,,0.004755084965729,,7
469,G,Document/Folder,0,-1,0.0,0,0,,,0.015802342854355,,G
470,A,Document/Folder,0,-1,0.0,0,0,,,0.007312294656766,,"A, C, E"
471,S,Document/Folder,0,-1,0.0,0,0,,,0.016584322222276,,S
472,J-Z,Document/Folder,0,-1,0.0,0,0,,,0.008839459318428,,"J, Z"
473,J-Z,Document/Folder,0,-1,0.0,0,0,,,0.007215959180515,,"J, Z"
474,3,Document/Folder,0,-1,0.0,0,0,,,0.006570398927734,,"1, 2, 3"
475,L,Document/Folder,0,-1,0.0,0,0,,,0.004577312949524,,L
476,3,Document/Folder,0,-1,0.0,0,0,,,0.007602834909372,,"1, 2, 3"
477,3,Document/Folder,0,-1,0.0,0,0,,,0.007461927514948,,"1, 2, 3"
478,3,Document/Folder,0,-1,0.0,0,0,,,0.007634601409916,,"1, 2, 3"
479,L,Document/Folder,0,-1,0.0,0,0,,,0.005471375391812,,L
480,L,Document/Folder,0,-1,0.0,0,0,,,0.008701410277586,,L
481,A-C,Document/Folder,0,-1,0.0,0,0,,,0.006635800098391,,"A, C, E"
482,L,Document/Folder,0,-1,0.0,0,0,,,0.004511269572346,,L
483,J-Z,Document/Folder,0,-1,0.0,0,0,,,0.006845230805126,,"J, Z"
484,A-C,Document/Folder,0,-1,0.0,0,0,,,0.00885312974719,,"A, C, E"
485,J-Z,Document/Folder,0,-1,0.0,0,0,,,0.007023967952255,,"J, Z"
486,J-Z,Document/Folder,0,-1,0.0,0,0,,,0.006575951065981,,"J, Z"
487,J-Z,Document/Folder,0,-1,0.0,0,0,,,0.006577770384477,,"J, Z"
488,A,Document/Folder,0,-1,0.0,0,0,,,0.007465867809,,"A, C, E"
489,A,Document/Folder,0,-1,0.0,0,0,,,0.013395218096732,,"A, C, E"
490,A,Document/Folder,0,-1,0.0,0,0,,,0.008319787863395,,"A, C, E"
491,A,Document/Folder,0,-1,0.0,0,0,,,0.012555578769248,,"A, C, E"
492,A,Document/Folder,0,-1,0.0,0,0,,,0.008373118629476,,"A, C, E"
493,F,Document/Folder,0,-1,0.0,0,0,,,0.010089412934243,,"B, D, F, M"
494,A,Document/Folder,0,-1,0.0,0,0,,,0.006638606620217,,"A, C, E"
495,7,Document/Folder,0,-1,0.0,0,0,,,0.00761727302021,,7
496,G,Document/Folder,0,-1,0.0,0,0,,,0.006328955663611,,G
497,A,Document/Folder,0,-1,0.0,0,0,,,0.003898544117503,,"A, C, E"
498,S,Document/Folder,0,-1,0.0,0,0,,,0.007167891267502,,S
499,E,Document/Folder,0,-1,0.0,0,0,,,0.008585659816711,,"A, C, E"
500,R,Document/Folder,0,-1,0.0,0,0,,,0.006293350249635,,"N, Q, R, W"
501,E,Document/Folder,0,-1,0.0,0,0,,,0.005918324169298,,"A, C, E"
502,E,Document/Folder,0,-1,0.0,0,0,,,0.008105465602048,,"A, C, E"
503,D,Document/Folder,0,-1,0.0,0,0,,,0.010894023533109,,"B, D, F, M"
504,4-5,Document/Folder,0,-1,0.0,0,0,,,0.002143080024208,,"4, 5, 6"
505,N-Q-R,Document/Folder,0,-1,0.0,0,0,,,0.00119974193485,,"N, Q, R, W"
506,B-D,Document/Folder,0,-1,0.0,0,0,,,0.001228503844711,,"B, D, F, M"
507,E,Document/Folder,0,-1,0.0,0,0,,,0.009834099516189,,"A, C, E"
508,A-C-E,Document/Folder,0,-1,0.0,0,0,,,0.007895546320568,,"A, C, E"
509,4-5,Document/Folder,0,-1,0.0,0,0,,,0.005486677721269,,"4, 5, 6"
510,2-3,Document/Folder,0,-1,0.0,0,0,,,0.005767501812278,,"1, 2, 3"
511,F,Document/Folder,0,-1,0.0,0,0,,,0.006983520416096,,"B, D, F, M"
512,F,Document/Folder,0,-1,0.0,0,0,,,0.00265183915243,,"B, D, F, M"
513,G,Document/Folder,0,-1,0.0,0,0,,,0.007717168316776,,G
514,G,Document/Folder,0,-1,0.0,0,0,,,0.006908624132428,,G
515,G,Document/Folder,0,-1,0.0,0,0,,,0.010472468994047,,G
516,G,Document/Folder,0,-1,0.0,0,0,,,0.009280687655856,,G
517,G,Document/Folder,0,-1,0.0,0,0,,,0.00857999362632,,G
518,F-M,Document/Folder,0,-1,0.0,0,0,,,0.010193242278731,,"B, D, F, M"
519,Q,Document/Folder,0,-1,0.0,0,0,,,0.00954279069119,,"N, Q, R, W"
520,Q,Document/Folder,0,-1,0.0,0,0,,,0.005947233766427,,"N, Q, R, W"
521,Q,Document/Folder,0,-1,0.0,0,0,,,0.00316164710081,,"N, Q, R, W"
522,Q,Document/Folder,0,-1,0.0,0,0,,,0.006461053352496,,"N, Q, R, W"
523,1,Document/Folder,0,-1,0.0,0,0,,,0.0075289076547,,"1, 2, 3"
524,Q,Document/Folder,0,-1,0.0,0,0,,,0.004989737575678,,"N, Q, R, W"
525,Q,Document/Folder,0,-1,0.0,0,0,,,0.009350890400307,,"N, Q, R, W"
526,Q,Document/Folder,0,-1,0.0,0,0,,,0.004663805448327,,"N, Q, R, W"
527,M,Document/Folder,0,-1,0.0,0,0,,,0.006262569955791,,"B, D, F, M"
528,M,Document/Folder,0,-1,0.0,0,0,,,0.001124126658471,,"B, D, F, M"
529,M,Document/Folder,0,-1,0.0,0,0,,,0.004575039744776,,"B, D, F, M"
530,M,Document/Folder,0,-1,0.0,0,0,,,0.008001989849966,,"B, D, F, M"
531,F,Document/Folder,0,-1,0.0,0,0,,,0.010333549956682,,"B, D, F, M"
532,R-W,Document/Folder,0,-1,0.0,0,0,,,0.000531154510468,,"N, Q, R, W"
533,A-C-E,Document/Folder,0,-1,0.0,0,0,,,0.006200432240877,,"A, C, E"
534,1-2-3,Document/Folder,0,-1,0.0,0,0,,,0.003761578468169,,"1, 2, 3"
535,A-C,Document/Folder,0,-1,0.0,0,0,,,0.009185084159656,,"A, C, E"
536,7,Document/Folder,0,-1,0.0,0,0,,,0.000963527892732,,7
537,A-C,Document/Folder,0,-1,0.0,0,0,,,0.004763654744844,,"A, C, E"
538,A,Document/Folder,0,-1,0.0,0,0,,,0.008355155441807,,"A, C, E"
539,A,Document/Folder,0,-1,0.0,0,0,,,0.004640542805529,,"A, C, E"
540,1,Document/Folder,0,-1,0.0,0,0,,,0.006570921700913,,"1, 2, 3"
541,A,Document/Folder,0,-1,0.0,0,0,,,0.054110750935665,,"A, C, E"
542,5,Document/Folder,0,-1,0.0,0,0,,,0.008370608720054,,"4, 5, 6"
543,5,Document/Folder,0,-1,0.0,0,0,,,0.008587504818733,,"4, 5, 6"
544,5,Document/Folder,0,-1,0.0,0,0,,,0.007056978476534,,"4, 5, 6"
545,5,Document/Folder,0,-1,0.0,0,0,,,0.00589699814684,,"4, 5, 6"
546,5,Document/Folder,0,-1,0.0,0,0,,,0.006616948229786,,"4, 5, 6"
547,5,Document/Folder,0,-1,0.0,0,0,,,0.004720743055059,,"4, 5, 6"
548,1,Document/Folder,0,-1,0.0,0,0,,,0.005988363931838,,"1, 2, 3"
549,4,Document/Folder,0,-1,0.0,0,0,,,0.006282630564196,,"4, 5, 6"
550,4,Document/Folder,0,-1,0.0,0,0,,,0.012306167595767,,"4, 5, 6"
551,4,Document/Folder,0,-1,0.0,0,0,,,0.008317094624493,,"4, 5, 6"
552,4,Document/Folder,0,-1,0.0,0,0,,,0.001242268131257,,"4, 5, 6"
553,4,Document/Folder,0,-1,0.0,0,0,,,0.005559922864249,,"4, 5, 6"
554,4,Document/Folder,0,-1,0.0,0,0,,,0.007382123012116,,"4, 5, 6"
555,4,Document/Folder,0,-1,0.0,0,0,,,0.007461944771205,,"4, 5, 6"
556,4,Document/Folder,0,-1,0.0,0,0,,,0.007634617383511,,"4, 5, 6"
557,4,Document/Folder,0,-1,0.0,0,0,,,0.005373805237252,,"4, 5, 6"
558,B-D-F-M,Document/Folder,0,-1,0.0,0,0,,,0.001674465870348,,"B, D, F, M"
559,A-C,Document/Folder,0,-1,0.0,0,0,,,0.005089307067332,,"A, C, E"
560,A-C,Document/Folder,0,-1,0.0,0,0,,,0.001802556037802,,"A, C, E"
561,Q,Document/Folder,0,-1,0.0,0,0,,,0.00910268166415,,"N, Q, R, W"
562,Q,Document/Folder,0,-1,0.0,0,0,,,0.007552644181629,,"N, Q, R, W"
563,Q,Document/Folder,0,-1,0.0,0,0,,,0.004320407724502,,"N, Q, R, W"
564,Q,Document/Folder,0,-1,0.0,0,0,,,0.00847627989043,,"N, Q, R, W"
565,Q,Document/Folder,0,-1,0.0,0,0,,,0.004126103263381,,"N, Q, R, W"
566,Q,Document/Folder,0,-1,0.0,0,0,,,0.018252425002024,,"N, Q, R, W"
567,Q,Document/Folder,0,-1,0.0,0,0,,,0.006672030460841,,"N, Q, R, W"
568,R,Document/Folder,0,-1,0.0,0,0,,,0.008081499595335,,"N, Q, R, W"
569,R,Document/Folder,0,-1,0.0,0,0,,,0.008921011722182,,"N, Q, R, W"
570,R,Document/Folder,0,-1,0.0,0,0,,,0.0192840298377,,"N, Q, R, W"
571,R,Document/Folder,0,-1,0.0,0,0,,,0.006412893148396,,"N, Q, R, W"
572,N-R,Document/Folder,0,-1,0.0,0,0,,,0.007084699844519,,"N, Q, R, W"
573,N-R,Document/Folder,0,-1,0.0,0,0,,,0.007239354141374,,"N, Q, R, W"
574,N-R,Document/Folder,0,-1,0.0,0,0,,,0.007575209064613,,"N, Q, R, W"
575,N-R,Document/Folder,0,-1,0.0,0,0,,,0.007668929358168,,"N, Q, R, W"
576,N-R,Document/Folder,0,-1,0.0,0,0,,,0.008284193705779,,"N, Q, R, W"
577,D,Document/Folder,0,-1,0.0,0,0,,,0.007159097952242,,"B, D, F, M"
578,N,Document/Folder,0,-1,0.0,0,0,,,0.01125651827391,,"N, Q, R, W"
579,D,Document/Folder,0,-1,0.0,0,0,,,0.005161874509763,,"B, D, F, M"
580,F,Document/Folder,0,-1,0.0,0,0,,,0.007223000207626,,"B, D, F, M"
581,N,Document/Folder,0,-1,0.0,0,0,,,0.006563624676979,,"N, Q, R, W"
582,B,Document/Folder,0,-1,0.0,0,0,,,0.00954352242644,,"B, D, F, M"
583,J-Z,Document/Folder,0,-1,0.0,0,0,,,0.005220252133853,,"J, Z"
584,1,Document/Folder,0,-1,0.0,0,0,,,0.006880370508144,,"1, 2, 3"
585,R,Document/Folder,0,-1,0.0,0,0,,,0.004558578971262,,"N, Q, R, W"
586,R-W,Document/Folder,0,-1,0.0,0,0,,,0.005421643115536,,"N, Q, R, W"
587,1,Document/Folder,0,-1,0.0,0,0,,,0.004619011185688,,"1, 2, 3"
588,4,Document/Folder,0,-1,0.0,0,0,,,0.006270055974822,,"4, 5, 6"
589,J-Z,Document/Folder,0,-1,0.0,0,0,,,0.005242792036582,,"J, Z"
590,R-W,Document/Folder,0,-1,0.0,0,0,,,0.004152454575294,,"N, Q, R, W"
591,2-3,Document/Folder,0,-1,0.0,0,0,,,0.003624179051537,,"1, 2, 3"
592,A-C,Document/Folder,0,-1,0.0,0,0,,,0.005893360087805,,"A, C, E"
593,1-2-3,Document/Folder,0,-1,0.0,0,0,,,0.001493559224545,,"1, 2, 3"
594,4-5-6,Document/Folder,0,-1,0.0,0,0,,,0.004643882692408,,"4, 5, 6"
595,J-Z,Document/Folder,0,-1,0.0,0,0,,,0.005220252133853,,"J, Z"
596,R-W,Document/Folder,0,-1,0.0,0,0,,,0.004638406046945,,"N, Q, R, W"
597,4-5,Document/Folder,0,-1,0.0,0,0,,,0.003520770606872,,"4, 5, 6"
598,A-C,Document/Folder,0,-1,0.0,0,0,,,0.00785672820748,,"A, C, E"
599,J-Z,Document/Folder,0,-1,0.0,0,0,,,0.005989889473529,,"J, Z"
600,R-W,Document/Folder,0,-1,0.0,0,0,,,0.008133618942035,,"N, Q, R, W"
601,F,Document/Folder,0,-1,0.0,0,0,,,0.005379985256316,,"B, D, F, M"
602,J-Z,Document/Folder,0,-1,0.0,0,0,,,0.006263445468302,,"J, Z"
603,F,Document/Folder,0,-1,0.0,0,0,,,0.003384713407345,,"B, D, F, M"
604,4-5,Document/Folder,0,-1,0.0,0,0,,,0.02947948707498,,"4, 5, 6"
605,Q,Document/Folder,0,-1,0.0,0,0,,,0.007257778653014,,"N, Q, R, W"
606,F,Document/Folder,0,-1,0.0,0,0,,,0.006306429528006,,"B, D, F, M"
607,F,Document/Folder,0,-1,0.0,0,0,,,0.005729234864626,,"B, D, F, M"
608,B,Document/Folder,0,-1,0.0,0,0,,,0.009102641568558,,"B, D, F, M"
609,N,Document/Folder,0,-1,0.0,0,0,,,0.008032352830238,,"N, Q, R, W"
610,F,Document/Folder,0,-1,0.0,0,0,,,0.004634067112144,,"B, D, F, M"
611,F,Document/Folder,0,-1,0.0,0,0,,,0.004512628330155,,"B, D, F, M"
612,F,Document/Folder,0,-1,0.0,0,0,,,0.005808419278239,,"B, D, F, M"
613,B,Document/Folder,0,-1,0.0,0,0,,,0.007552645881295,,"B, D, F, M"
614,B,Document/Folder,0,-1,0.0,0,0,,,0.004313352722233,,"B, D, F, M"
615,A,Document/Folder,0,-1,0.0,0,0,,,0.007174563754285,,"A, C, E"
616,B-D,Document/Folder,0,-1,0.0,0,0,,,0.01300689778626,,"B, D, F, M"
617,F,Document/Folder,0,-1,0.0,0,0,,,0.004237785775062,,"B, D, F, M"
618,J-Z,Document/Folder,0,-1,0.0,0,0,,,0.007051178415057,,"J, Z"
619,R,Document/Folder,0,-1,0.0,0,0,,,0.007552088666662,,"N, Q, R, W"
620,E,Document/Folder,0,-1,0.0,0,0,,,0.011873031679328,,"A, C, E"
621,B-D,Document/Folder,0,-1,0.0,0,0,,,0.006003221644739,,"B, D, F, M"
622,1,Document/Folder,0,-1,0.0,0,0,,,0.005120409345735,,"1, 2, 3"
623,2,Document/Folder,0,-1,0.0,0,0,,,0.005518757212834,,"1, 2, 3"
624,2,Document/Folder,0,-1,0.0,0,0,,,0.007285659854547,,"1, 2, 3"
625,2,Document/Folder,0,-1,0.0,0,0,,,0.008406854059131,,"1, 2, 3"
626,6,Document/Folder,0,-1,0.0,0,0,,,0.007030644465648,,"4, 5, 6"
627,6,Document/Folder,0,-1,0.0,0,0,,,0.007178755479038,,"4, 5, 6"
628,2,Document/Folder,0,-1,0.0,0,0,,,0.008519915263678,,"1, 2, 3"
629,5,Document/Folder,0,-1,0.0,0,0,,,0.012387108475079,,"4, 5, 6"
630,2,Document/Folder,0,-1,0.0,0,0,,,0.006061699719896,,"1, 2, 3"
631,5,Document/Folder,0,-1,0.0,0,0,,,0.006024525457098,,"4, 5, 6"
632,5,Document/Folder,0,-1,0.0,0,0,,,0.009251689492904,,"4, 5, 6"
633,5,Document/Folder,0,-1,0.0,0,0,,,0.005137938674111,,"4, 5, 6"
634,4-5,Document/Folder,0,-1,0.0,0,0,,,0.006444393478467,,"4, 5, 6"
635,4-5,Document/Folder,0,-1,0.0,0,0,,,0.006907353268246,,"4, 5, 6"
636,4-5,Document/Folder,0,-1,0.0,0,0,,,0.004365262673887,,"4, 5, 6"
637,4-5,Document/Folder,0,-1,0.0,0,0,,,0.005318001299844,,"4, 5, 6"
638,4-5,Document/Folder,0,-1,0.0,0,0,,,0.004804805731773,,"4, 5, 6"
639,4-5,Document/Folder,0,-1,0.0,0,0,,,0.007612863928347,,"4, 5, 6"
640,4-5,Document/Folder,0,-1,0.0,0,0,,,0.006378930438568,,"4, 5, 6"
641,5,Document/Folder,0,-1,0.0,0,0,,,0.005777929587152,,"4, 5, 6"
642,5,Document/Folder,0,-1,0.0,0,0,,,0.007172342775454,,"4, 5, 6"
643,5,Document/Folder,0,-1,0.0,0,0,,,0.006124588653992,,"4, 5, 6"
644,5,Document/Folder,0,-1,0.0,0,0,,,0.005842524721228,,"4, 5, 6"
645,5,Document/Folder,0,-1,0.0,0,0,,,0.00313343706678,,"4, 5, 6"
646,5,Document/Folder,0,-1,0.0,0,0,,,0.006692423448249,,"4, 5, 6"
647,5,Document/Folder,0,-1,0.0,0,0,,,0.005913094513707,,"4, 5, 6"
648,2,Document/Folder,0,-1,0.0,0,0,,,0.003232195075056,,"1, 2, 3"
649,M,Document/Folder,0,-1,0.0,0,0,,,0.005045541939459,,"B, D, F, M"
650,7,Document/Folder,0,-1,0.0,0,0,,,0.009718344644516,,7
651,7,Document/Folder,0,-1,0.0,0,0,,,0.006066365549117,,7
652,7,Document/Folder,0,-1,0.0,0,0,,,0.006617595699189,,7
653,E,Document/Folder,0,-1,0.0,0,0,,,0.008209169176459,,"A, C, E"
654,E,Document/Folder,0,-1,0.0,0,0,,,0.007944167605107,,"A, C, E"
655,E,Document/Folder,0,-1,0.0,0,0,,,0.009579009144121,,"A, C, E"
656,E,Document/Folder,0,-1,0.0,0,0,,,0.00743139924261,,"A, C, E"
657,5,Document/Folder,0,-1,0.0,0,0,,,0.006928955478235,,"4, 5, 6"
658,2,Document/Folder,0,-1,0.0,0,0,,,0.006524942364929,,"1, 2, 3"
659,2,Document/Folder,0,-1,0.0,0,0,,,0.005913092191411,,"1, 2, 3"
660,6,Document/Folder,0,-1,0.0,0,0,,,0.00475550614555,,"4, 5, 6"
661,6,Document/Folder,0,-1,0.0,0,0,,,0.009649023778087,,"4, 5, 6"
662,6,Document/Folder,0,-1,0.0,0,0,,,0.007741802300225,,"4, 5, 6"
663,N-W,Document/Folder,0,-1,0.0,0,0,,,0.007521554135799,,"N, Q, R, W"
664,N-W,Document/Folder,0,-1,0.0,0,0,,,0.005045390435395,,"N, Q, R, W"
665,6,Document/Folder,0,-1,0.0,0,0,,,0.008881841417578,,"4, 5, 6"
666,2,Document/Folder,0,-1,0.0,0,0,,,0.010216242890999,,"1, 2, 3"
667,M,Document/Folder,0,-1,0.0,0,0,,,0.031438712727091,,"B, D, F, M"
668,6,Document/Folder,0,-1,0.0,0,0,,,0.008348276212707,,"4, 5, 6"
669,6,Document/Folder,0,-1,0.0,0,0,,,0.005643617492004,,"4, 5, 6"
670,6,Document/Folder,0,-1,0.0,0,0,,,0.005124773503534,,"4, 5, 6"
671,2,Document/Folder,0,-1,0.0,0,0,,,0.005663953312301,,"1, 2, 3"
672,2,Document/Folder,0,-1,0.0,0,0,,,0.006791306387986,,"1, 2, 3"
673,2,Document/Folder,0,-1,0.0,0,0,,,0.004130768451505,,"1, 2, 3"
674,6,Document/Folder,0,-1,0.0,0,0,,,0.007700701624543,,"4, 5, 6"
675,4,Document/Folder,0,-1,0.0,0,0,,,0.005241184054278,,"4, 5, 6"
676,2,Document/Folder,0,-1,0.0,0,0,,,0.008421294234347,,"1, 2, 3"
677,2,Document/Folder,0,-1,0.0,0,0,,,0.008274181865266,,"1, 2, 3"
678,4,Document/Folder,0,-1,0.0,0,0,,,0.009239611839178,,"4, 5, 6"
679,M,Document/Folder,0,-1,0.0,0,0,,,0.005923243598601,,"B, D, F, M"
680,3,Document/Folder,0,-1,0.0,0,0,,,0.005373791792022,,"1, 2, 3"
681,J-Z,Document/Folder,0,-1,0.0,0,0,,,0.007388881987261,,"J, Z"
682,5,Document/Folder,0,-1,0.0,0,0,,,0.012626585896739,,"4, 5, 6"
683,5,Document/Folder,0,-1,0.0,0,0,,,0.005160179902894,,"4, 5, 6"
684,5,Document/Folder,0,-1,0.0,0,0,,,0.004411454854268,,"4, 5, 6"
685,E,Document/Folder,0,-1,0.0,0,0,,,0.011873031679328,,"A, C, E"
686,6,Document/Folder,0,-1,0.0,0,0,,,0.008193663247698,,"4, 5, 6"
687,A,Document/Folder,0,-1,0.0,0,0,,,0.007536795276815,,"A, C, E"
688,G,Document/Folder,0,-1,0.0,0,0,,,0.003384715174771,,G
689,Q,Document/Folder,0,-1,0.0,0,0,,,0.001001610990368,,"N, Q, R, W"
690,R,Document/Folder,0,-1,0.0,0,0,,,0.008081499595335,,"N, Q, R, W"
691,B-D-F-M,Document/Folder,0,-1,0.0,0,0,,,0.003584063467466,,"B, D, F, M"
692,5,Document/Folder,0,-1,0.0,0,0,,,0.013844250321652,,"4, 5, 6"
693,6,Document/Folder,0,-1,0.0,0,0,,,0.007544516102447,,"4, 5, 6"
694,5,Document/Folder,0,-1,0.0,0,0,,,0.00677920011238,,"4, 5, 6"
695,5,Document/Folder,0,-1,0.0,0,0,,,0.003214557099804,,"4, 5, 6"
696,4,Document/Folder,0,-1,0.0,0,0,,,0.009232681545283,,"4, 5, 6"
697,4,Document/Folder,0,-1,0.0,0,0,,,0.006570416331146,,"4, 5, 6"
698,N-W,Document/Folder,0,-1,0.0,0,0,,,0.000963528288098,,"N, Q, R, W"
699,Q,Document/Folder,0,-1,0.0,0,0,,,0.012418662747039,,"N, Q, R, W"
700,F,Document/Folder,0,-1,0.0,0,0,,,0.019081191087319,,"B, D, F, M"
701,Q,Document/Folder,0,-1,0.0,0,0,,,0.006672030460841,,"N, Q, R, W"
702,B-D,Document/Folder,0,-1,0.0,0,0,,,0.02759335593923,,"B, D, F, M"
703,F-M,Document/Folder,0,-1,0.0,0,0,,,0.008313822610929,,"B, D, F, M"
704,F-M,Document/Folder,0,-1,0.0,0,0,,,0.008209156705218,,"B, D, F, M"
705,7,Document/Folder,0,-1,0.0,0,0,,,0.016874577409978,,7
706,F-M,Document/Folder,0,-1,0.0,0,0,,,0.010193242278731,,"B, D, F, M"
707,F-M,Document/Folder,0,-1,0.0,0,0,,,0.007338311119296,,"B, D, F, M"
708,F-M,Document/Folder,0,-1,0.0,0,0,,,0.009579006268907,,"B, D, F, M"
709,F-M,Document/Folder,0,-1,0.0,0,0,,,0.009332887512368,,"B, D, F, M"
710,B,Document/Folder,0,-1,0.0,0,0,,,0.008450753541403,,"B, D, F, M"
711,B,Document/Folder,0,-1,0.0,0,0,,,0.004126104514427,,"B, D, F, M"
712,D,Document/Folder,0,-1,0.0,0,0,,,0.007575206426083,,"B, D, F, M"
713,D,Document/Folder,0,-1,0.0,0,0,,,0.002215439094098,,"B, D, F, M"
714,F,Document/Folder,0,-1,0.0,0,0,,,0.007199701327074,,"B, D, F, M"
715,F,Document/Folder,0,-1,0.0,0,0,,,0.00795973422557,,"B, D, F, M"
716,1-2-3,Document/Folder,0,-1,0.0,0,0,,,0.005782154150314,,"1, 2, 3"
717,N-Q-R-W,Document/Folder,0,-1,0.0,0,0,,,0.005925452239819,,"N, Q, R, W"
718,A-C-E,Document/Folder,0,-1,0.0,0,0,,,0.003607867603054,,"A, C, E"
719,2-3,Document/Folder,0,-1,0.0,0,0,,,0.005435842390061,,"1, 2, 3"
720,Q,Document/Folder,0,-1,0.0,0,0,,,0.005496931741452,,"N, Q, R, W"
721,Q,Document/Folder,0,-1,0.0,0,0,,,0.007893924748291,,"N, Q, R, W"
722,F,Document/Folder,0,-1,0.0,0,0,,,0.014859114797123,,"B, D, F, M"
723,2-3,Document/Folder,0,-1,0.0,0,0,,,0.020923411794422,,"1, 2, 3"
724,N-Q-R-W,Document/Folder,0,-1,0.0,0,0,,,0.005704197110935,,"N, Q, R, W"
725,F,Document/Folder,0,-1,0.0,0,0,,,0.002352850334789,,"B, D, F, M"
726,R,Document/Folder,0,-1,0.0,0,0,,,0.004636374072001,,"N, Q, R, W"
727,D,Document/Folder,0,-1,0.0,0,0,,,0.013573312561843,,"B, D, F, M"
728,N-R,Document/Folder,0,-1,0.0,0,0,,,0.008916965024402,,"N, Q, R, W"
729,N-R,Document/Folder,0,-1,0.0,0,0,,,0.005585846036562,,"N, Q, R, W"
730,N-R,Document/Folder,0,-1,0.0,0,0,,,0.005342402588134,,"N, Q, R, W"
731,N-R,Document/Folder,0,-1,0.0,0,0,,,0.003914622970357,,"N, Q, R, W"
732,D,Document/Folder,0,-1,0.0,0,0,,,0.004683225490503,,"B, D, F, M"
733,D,Document/Folder,0,-1,0.0,0,0,,,0.00671763252522,,"B, D, F, M"
734,D,Document/Folder,0,-1,0.0,0,0,,,0.007575206426083,,"B, D, F, M"
735,4-5,Document/Folder,0,-1,0.0,0,0,,,0.006230430121426,,"4, 5, 6"
736,1,Document/Folder,0,-1,0.0,0,0,,,0.003233191751524,,"1, 2, 3"
737,2-3,Document/Folder,0,-1,0.0,0,0,,,0.002242011048447,,"1, 2, 3"
738,M,Document/Folder,0,-1,0.0,0,0,,,0.014035666559999,,"B, D, F, M"
739,Q,Document/Folder,0,-1,0.0,0,0,,,0.011230070836575,,"N, Q, R, W"
740,Q,Document/Folder,0,-1,0.0,0,0,,,0.009688565274064,,"N, Q, R, W"
741,N-W,Document/Folder,0,-1,0.0,0,0,,,0.008004532577964,,"N, Q, R, W"
742,Q,Document/Folder,0,-1,0.0,0,0,,,0.003161389735158,,"N, Q, R, W"
